id,first_name,middle_name,last_name,birthday,gender,address
1,Erl,Line,Petel,9/7/1975,Male,4555 Delladonna Lane
2,Madel,Mazzia,Kettlestringes,5/30/2004,Female,72 Sundown Center
3,Genia,Mouth,Pischof,9/19/1999,Female,95018 Continental Way
4,Nehemiah,Tonkinson,Dreng,4/22/2006,Male,9 Scott Pass
5,Shep,Winney,Glenny,10/2/1975,Male,365 Haas Parkway
6,Broderic,McKillop,McIndrew,12/21/1970,Male,5516 Brentwood Hill
7,Ingrid,Haccleton,Orrum,11/12/2010,Female,62444 Prentice Parkway
8,Anna-diana,Culy,Paxforde,5/24/1988,Female,67466 Manufacturers Parkway
9,Patrizia,Duckels,Korfmann,7/1/1976,Female,3 Onsgard Park
10,Erny,Antoniottii,Ivoshin,6/21/1974,Male,11856 Manufacturers Terrace
11,Ferdinande,Cicccitti,Hazael,9/15/2005,Female,27 Bellgrove Avenue
12,Rube,Wasson,Caddick,10/26/2005,Male,985 Transport Way
13,Neille,Nystrom,MacConnal,12/4/1998,Female,758 Kennedy Plaza
14,Elvira,Loyndon,Densey,7/27/2009,Female,08 International Alley
15,Aloin,Caras,Jasiak,5/8/1983,Male,3965 Transport Alley
16,Joleen,Burnie,Ditchett,6/27/2012,Female,843 Evergreen Lane
17,Vicki,Thwaites,Gallandre,8/6/2015,Female,79 Corben Plaza
18,Orsola,Portwain,O'Heagertie,10/30/1988,Female,83 Killdeer Road
19,Linnet,Garner,Troni,6/9/1997,Female,824 Waxwing Court
20,Eleanore,Hugo,Blake,11/18/1996,Female,88333 Warrior Terrace
21,Aldwin,Tolfrey,Sweet,2/10/2015,Male,3 Summit Pass
22,Carlyn,McKellar,Lakes,12/26/1980,Female,2 Stephen Junction
23,Lane,Antcliff,Frisdick,6/12/1991,Female,6 Fair Oaks Court
24,Danell,Feak,Mallindine,10/4/1972,Agender,6378 Sommers Way
25,Fritz,Jiruca,Scrase,6/12/1978,Male,99054 Sachs Court
26,Denver,Martyntsev,Lambe,3/28/1991,Male,226 Roth Center
27,Fiann,Blanko,Plowman,5/13/1982,Non-binary,63 Becker Trail
28,Brendin,Leitche,Moulds,10/24/1990,Male,2903 Schiller Crossing
29,Emmet,Schuchmacher,Yellowley,11/16/1987,Male,65 Barnett Junction
30,Daune,Durbyn,Appleby,9/10/1987,Female,950 Delladonna Lane
31,Esta,Fendlow,Joye,10/25/1998,Female,94 Bashford Avenue
32,Tommy,Buglar,Negal,4/30/1987,Polygender,9 Northland Alley
33,Judy,Vandenhoff,Children,9/2/2003,Female,572 Arrowood Circle
34,Justino,Glencorse,Read,3/15/1993,Male,995 Merchant Crossing
35,Tab,Strangward,Hardiker,7/14/1990,Male,6 Mosinee Pass
36,Sorcha,Gateley,Drewery,2/28/2001,Non-binary,7818 Warbler Lane
37,Juana,Handrahan,Ballinger,9/4/1991,Female,62 Debs Street
38,Lolita,Garci,Guihen,4/26/1993,Female,62 Gale Alley
39,Meredithe,Leynton,McCaskill,2/15/1986,Agender,98237 Clarendon Pass
40,Aloisia,Livett,Twelve,8/6/2016,Female,6 Ridgeway Trail
41,Ase,Esmonde,Rickarsey,6/22/1987,Male,9011 Garrison Alley
42,Ibrahim,Trendle,Paffley,3/17/2003,Male,54 Gulseth Street
43,Emmeline,Josefs,Dwelley,8/4/2007,Female,5940 Cascade Junction
44,Delaney,Evett,Dottrell,1/19/1985,Male,319 Northridge Drive
45,Town,Craister,Giovanitti,1/8/2014,Male,1090 Farragut Parkway
46,Valentino,Lace,Repper,3/4/1974,Male,03868 Rieder Court
47,Tucky,Bulfield,Snewin,4/22/2017,Male,38 Eagan Trail
48,Hadria,Ilyasov,Grim,9/9/2006,Female,640 Hayes Terrace
49,Edgard,Darmody,Finnemore,3/25/2015,Male,93 Green Ridge Terrace
50,Bat,Bodycomb,Burnham,4/5/2010,Male,701 Grasskamp Court
51,Erika,Dalby,Strelitzki,11/4/1989,Female,5693 Hanover Avenue
52,Boris,Eldred,Gummery,1/27/2017,Male,17 Cherokee Trail
53,Raquel,Gilli,Bilbery,7/29/2007,Non-binary,7 Debra Circle
54,Gustavo,Kochl,Matchitt,8/12/2003,Male,66654 Westend Court
55,Moore,Keasley,Crockley,3/25/2008,Male,9501 Jenifer Parkway
56,Ad,Wiggall,de Leon,3/16/1998,Male,85084 Nova Center
57,Gwennie,Meiklam,Mawtus,4/21/2007,Female,478 Fisk Crossing
58,Laura,McCook,Hallex,10/27/1973,Female,317 Anthes Hill
59,Tod,Mc Faul,Ivanyushin,6/16/1980,Male,90740 Darwin Pass
60,Dave,Postance,Kellogg,12/9/1985,Male,37 Dovetail Road
61,Dionisio,Widmore,Twist,4/7/2016,Male,61 Hudson Avenue
62,Micaela,Le Teve,Pattillo,5/9/2000,Female,8018 Saint Paul Point
63,Derwin,Lamy,Grissett,9/3/1993,Male,698 Barnett Place
64,Morse,Pipet,Boynes,11/18/1995,Male,2 Center Point
65,Sergeant,Francey,Daviddi,2/14/1998,Male,03906 Hallows Road
66,Dieter,Ostick,Quinane,2/10/1978,Male,66107 Bartillon Terrace
67,Charlot,Gaythwaite,Abrams,6/6/1992,Female,4 Helena Way
68,Natalie,Sandbatch,Andreix,1/21/2015,Female,1 Dawn Hill
69,Ryun,Spittles,Coutts,10/15/2014,Male,28755 Ronald Regan Crossing
70,Neall,Costigan,Bridgens,10/17/1972,Male,16 Russell Parkway
71,Carce,Cordell,Sainthill,3/7/1980,Male,75 Reindahl Parkway
72,Livy,O'Kennavain,Filmer,1/29/1974,Female,86120 Debra Junction
73,Sydney,Downton,Crosfeld,6/2/1988,Female,4549 Leroy Crossing
74,Wiley,Sambrok,Hourstan,2/28/1986,Male,2 Commercial Avenue
75,Regan,Goomes,Marryatt,1/21/2016,Male,3505 Gateway Alley
76,Petunia,Gentile,Bault,1/6/2013,Female,19 Riverside Place
77,Edmund,Guice,Hellen,12/10/2018,Male,26 Center Drive
78,Kippar,Scotfurth,McIlvoray,10/11/2019,Male,55 Sycamore Avenue
79,Saleem,Broady,Gallemore,10/11/1978,Male,609 Holy Cross Terrace
80,Timmie,Rantoul,Shoorbrooke,6/27/1983,Male,74047 Surrey Place
81,Collie,Boner,Bunkle,11/16/1988,Female,239 Superior Drive
82,Rahel,Sandeman,St. Paul,11/4/1999,Female,539 Debra Avenue
83,Theodosia,Jackalin,Bumphries,10/10/1973,Female,3244 Lukken Place
84,Thorpe,Gheerhaert,Screach,2/18/1998,Agender,557 Hermina Court
85,Aguistin,Skene,Luscott,6/5/1973,Polygender,2149 Mariners Cove Plaza
86,Cherie,Scott,Gaiger,8/26/1997,Female,9 Forest Dale Place
87,Harrietta,Kruschov,Absolon,9/19/2019,Female,61390 Leroy Place
88,Andie,Cowely,Hazeman,11/8/1984,Male,37588 Clyde Gallagher Way
89,Jeanine,Yesichev,Faulconer,12/20/2003,Female,0 Crowley Plaza
90,Sallee,Franschini,Lambirth,11/18/1986,Female,35227 Birchwood Circle
91,Ned,Le Breton,Berkelay,12/29/2000,Male,6191 Ohio Alley
92,Drake,Leith,Sawdon,10/4/2002,Male,716 Delaware Street
93,Percival,Jennens,Morritt,11/11/2012,Male,044 Fairfield Street
94,Leonardo,Rockwell,Doggett,7/24/1990,Male,661 Northland Lane
95,Joya,Almack,Hancock,6/20/1987,Female,2127 Oneill Trail
96,Reinwald,Prebble,Maior,8/28/1983,Male,4071 Walton Pass
97,Godfree,Breedy,Triggle,8/23/1973,Genderfluid,85590 Mallard Terrace
98,Kelvin,Yanyshev,Hintze,7/29/1983,Male,68525 Kropf Terrace
99,Eustace,O'Brogan,Turvie,7/12/2019,Male,2 Sunbrook Circle
100,Chev,Burcher,Sprull,3/12/1998,Male,716 Reindahl Park
101,Kelcy,Osmon,Takle,2/3/2008,Female,9 Thackeray Hill
102,Sabra,Buzine,Broadist,2/16/2009,Female,423 Sunfield Circle
103,Laurent,Dolley,Tooker,11/2/2018,Male,14275 Forest Street
104,Anatole,Cobello,Padginton,2/26/1985,Male,77 Heffernan Trail
105,Alvie,Twigg,Freeland,9/28/1984,Male,0797 Northridge Road
106,Maryanna,Geraldez,Foan,11/4/1993,Female,9320 Debs Drive
107,Dillon,Ullyott,Burtonshaw,4/30/2002,Male,6 Fairfield Crossing
108,Kasey,Morant,Dudman,12/30/2003,Female,9290 5th Circle
109,Nicolais,Douris,Tortice,9/3/1995,Male,19 Sloan Trail
110,Jedediah,Rambadt,Cochet,12/30/2017,Male,6193 Main Center
111,Carolyne,Drissell,Reedyhough,3/19/2000,Female,788 Harper Circle
112,Maure,Plume,Waren,5/31/1994,Female,551 Briar Crest Court
113,Gage,Schottli,Cherry Holme,4/3/2008,Male,32661 Division Place
114,Kippy,Caldayrou,Gudgen,12/5/2017,Male,6023 Anthes Point
115,Emilie,Kix,Davey,3/27/1981,Female,5 Anderson Park
116,Conant,Vaugham,Izhakov,4/24/1979,Male,7465 Moose Center
117,Scarlett,Shoubridge,Spencers,6/3/1994,Female,99674 Portage Terrace
118,Herc,Deinhardt,Benediktovich,5/6/2005,Male,22 Pond Road
119,Caron,Plampin,Husselbee,9/18/2011,Non-binary,573 Forest Alley
120,Coralie,Terran,Gosse,10/3/1979,Female,45 Johnson Alley
121,Cynthie,Humes,Castells,8/13/1994,Female,96 Saint Paul Hill
122,Keelby,Nanni,McGillecole,10/20/2016,Male,186 Thompson Crossing
123,Urson,Mathy,Bonnyson,12/17/1998,Male,67 Clemons Trail
124,Jodi,Showt,Simmance,6/5/2011,Male,5516 Melby Pass
125,Barbabas,Jannequin,Keddie,11/21/2006,Male,0 Messerschmidt Parkway
126,Janette,Vaud,Jee,8/20/2007,Female,93 Green Drive
127,Orelee,Hillett,Illwell,7/31/1970,Non-binary,916 Summerview Street
128,Kerry,Yakubovich,Hennington,10/20/1984,Male,8234 Annamark Terrace
129,Brodie,Biset,Buney,9/7/2012,Male,9919 Butterfield Center
130,Marsh,Sapsforde,Cuniam,3/22/1976,Male,308 Melvin Plaza
131,Estrella,Maffione,Breffitt,8/18/1986,Bigender,407 Anzinger Plaza
132,Norrie,Deathridge,Birkbeck,6/24/2001,Male,5 Eastlawn Alley
133,Eula,Kerbey,MacCafferky,5/15/2010,Female,5716 Gulseth Circle
134,Alli,Edden,Bang,3/26/1979,Female,6150 Mayer Parkway
135,Alexine,Klimowicz,Passman,4/29/2020,Female,1650 Raven Street
136,Stevie,Grimble,Jenner,3/7/1993,Male,52376 Colorado Lane
137,Tan,Pegrum,Dawtry,4/28/2004,Bigender,32389 Blackbird Pass
138,Thorin,Garforth,Tatchell,2/12/1990,Male,18677 Anniversary Center
139,Francois,Garza,McCumesky,2/13/1983,Male,81 Monica Center
140,Janene,Everex,Licari,10/17/1986,Female,50615 Sloan Crossing
141,Rutger,Butler-Bowdon,Lambdon,6/12/1976,Male,61542 Schiller Way
142,Ross,Condon,Eynald,9/12/1999,Male,473 Vahlen Crossing
143,Shepherd,Risman,Baptist,10/4/1994,Genderfluid,32 Burrows Hill
144,Eric,Anglin,Leckie,12/27/1984,Male,11966 Marquette Place
145,Freddie,Vearncombe,Braunds,12/27/1990,Genderqueer,02218 Charing Cross Point
146,Missy,Vine,ffrench Beytagh,4/17/1973,Female,53134 Hoepker Circle
147,Seward,Strewther,Swalwell,10/13/2001,Male,692 Evergreen Place
148,Armstrong,Cordingly,Tewnion,1/14/2009,Male,40956 Karstens Place
149,Whit,Woodfield,Skayman,6/25/1982,Male,71972 Iowa Street
150,Gordan,Garrard,Zeal,1/3/1986,Male,58 Pennsylvania Center
151,Arielle,O'dell,Andreotti,6/26/1973,Female,100 Schlimgen Place
152,Brandais,Collyer,Allingham,7/20/2016,Female,06 Fallview Crossing
153,Hoebart,Haddick,Gilstin,5/21/2000,Male,88497 Butterfield Avenue
154,Lita,Smalley,Laxson,1/21/2008,Female,72402 Tony Alley
155,Nicky,Hammerson,Gillyatt,11/7/2001,Male,8 Hooker Parkway
156,Kial,Haysman,Hibbart,8/11/2010,Female,6738 Drewry Junction
157,Neille,Brooking,Candelin,2/20/1970,Female,90721 Del Mar Drive
158,Will,Greensted,Keppie,3/28/2009,Male,75001 Basil Pass
159,Regen,Trimnell,Grandisson,6/6/1972,Male,06189 Hoard Road
160,Murdock,Stode,Devereu,9/12/1975,Male,1258 Independence Parkway
161,Kata,Attenbarrow,Hands,1/6/1976,Female,91 Logan Park
162,Arman,Macek,Lawlance,1/12/1973,Male,1 Havey Parkway
163,Vasily,Topes,Archbald,3/20/2012,Male,22467 Swallow Avenue
164,Heath,Ottawell,Isaak,9/15/2005,Female,543 Meadow Valley Terrace
165,Sigfrid,Renowden,Donaway,5/9/1991,Bigender,50 Scoville Hill
166,Averill,Witter,Braisher,7/22/1977,Genderfluid,83 Stoughton Center
167,Madel,Doers,Elnor,4/1/2012,Female,00262 High Crossing Road
168,Ki,Beckingham,Zolini,11/5/1987,Female,76958 Boyd Alley
169,Jeffrey,Fredson,Ugoni,7/30/1981,Male,7 Continental Place
170,Lynn,Iwanczyk,Creeghan,3/1/2019,Male,0 Hoard Parkway
171,Cleavland,Riep,Dron,11/27/2000,Male,81 Gulseth Road
172,Cloe,Coghlin,Drane,4/29/1985,Female,356 Kenwood Road
173,Denver,Soutar,Beckhurst,11/21/1991,Male,6 Bartillon Parkway
174,Abbey,Bootherstone,Collyear,10/1/2016,Female,5 Thompson Street
175,Gannie,Calladine,Yushmanov,2/19/1984,Male,9803 Monument Crossing
176,Rosalinda,Lello,Brignall,11/26/2014,Female,1548 Pepper Wood Drive
177,Alec,Straker,Hupe,12/6/2010,Male,56285 Tomscot Way
178,Cob,Woolbrook,Waine,5/4/2019,Male,5174 Eliot Alley
179,Aldrich,Cometti,Castellone,9/27/1994,Male,03 Cottonwood Lane
180,Steward,Ribbens,Huke,8/23/2018,Male,3 Wayridge Park
181,Lorilee,Galbreath,Abrahams,2/9/1986,Female,9 Schlimgen Hill
182,Ker,Clapton,MacRanald,7/3/2000,Male,1065 Little Fleur Plaza
183,Laurent,Creak,Killcross,11/7/2009,Male,75398 Schlimgen Place
184,Addison,Braddon,Dunseath,10/4/2005,Male,40 Dakota Park
185,Travers,Glendining,Henmarsh,2/17/1985,Polygender,93 Oak Circle
186,Twila,Glendza,Mayze,8/11/2017,Female,906 Melby Alley
187,Sanson,Olechnowicz,Medcraft,4/19/1990,Male,16 Browning Court
188,Andris,Davenhall,Bellanger,3/19/2000,Male,43658 Southridge Point
189,Nichole,Pollack,Macenzy,9/6/1976,Male,037 Dunning Place
190,Giovanni,Selman,Drewry,5/7/1997,Male,9978 Calypso Way
191,Allyce,Meneur,Lillistone,5/10/1993,Female,18 Vernon Road
192,Rube,Dekeyser,Paulton,4/21/1987,Male,33 Memorial Court
193,Shannon,Stapele,Minkin,3/19/1999,Female,516 Katie Street
194,Allene,Fantonetti,Inskipp,5/29/2005,Female,28119 Talisman Plaza
195,Wylie,Aspenlon,Ioan,3/4/1976,Male,5874 Hovde Avenue
196,Corrie,McClaughlin,Paul,8/17/2015,Female,43004 Harper Way
197,Ynes,Loveridge,Hobell,6/3/2018,Female,90 Westend Avenue
198,Odessa,Petzolt,Meriel,2/4/1984,Female,7139 Brickson Park Parkway
199,Saleem,Catherine,Sliney,5/25/1998,Male,74842 Harbort Center
200,Mal,Beech,Ashborn,8/9/2013,Bigender,41 American Park
201,Allis,Severs,Longmead,8/14/2006,Female,64 Twin Pines Plaza
202,Orelee,Sibery,Roon,3/24/1991,Female,00610 Fulton Parkway
203,Carrol,Bradder,Adair,2/28/2002,Male,06 Sugar Drive
204,Babita,Karpov,Kovalski,1/29/1973,Agender,202 Everett Trail
205,Herold,Gebuhr,Markos,6/5/2006,Polygender,82129 La Follette Alley
206,Nicol,Le Gallo,Severns,10/10/2010,Male,50 Straubel Pass
207,Vonni,Leftbridge,Baser,11/30/1971,Female,8 Nova Trail
208,Regine,Rowell,Wapple,5/1/2003,Female,3 Oneill Trail
209,Hesther,Rydings,Flippen,6/14/1972,Female,741 Knutson Road
210,Janella,Giffen,Duckers,1/20/2009,Female,3 Dwight Way
211,Bay,Pott,Druett,1/7/2017,Male,1931 Nevada Alley
212,Nickie,Geist,Greener,2/16/2017,Female,94 Oakridge Terrace
213,Ward,Tombleson,Simunek,5/29/2016,Male,303 Northland Trail
214,Adelheid,Jacobs,Disley,8/26/2012,Female,84 Talisman Trail
215,Harold,Raund,Lente,4/9/2001,Male,0 Macpherson Road
216,Sherlocke,Pendleberry,Llop,10/1/1996,Male,3 Beilfuss Lane
217,Carmencita,Scallon,Plain,7/13/2020,Female,0 Express Pass
218,Laurens,Canedo,Biggen,9/28/1989,Male,13918 6th Way
219,Martino,Tomankiewicz,Woollin,8/7/2013,Male,59 Loeprich Center
220,Min,Coxhell,Overshott,11/9/1998,Female,9363 Schlimgen Terrace
221,Bernetta,Cruces,Shawel,1/29/2006,Female,59 Gulseth Circle
222,Xavier,Pantry,Stoneman,8/2/1978,Male,1699 Sommers Drive
223,Langsdon,Aldins,Spellicy,2/16/1987,Male,071 Fairview Court
224,Shelley,Beddon,Luton,11/11/1980,Male,54 Sycamore Place
225,Angelle,Weippert,Cartmel,7/15/1997,Female,056 Judy Junction
226,Irwin,Eisenberg,Gladdifh,1/4/2010,Male,0 Sheridan Park
227,Theadora,Bellini,Trout,3/12/2003,Female,734 Amoth Point
228,Elsa,Ketchaside,Pol,2/20/1986,Female,7804 Truax Trail
229,Torr,Tomasello,Burge,8/6/1986,Non-binary,2 Maple Alley
230,Pamelina,Paskin,Dorr,11/14/1978,Female,91841 Eastlawn Court
231,Basilio,Holley,Andrioli,3/28/2008,Male,4 Hayes Way
232,Timothea,Carrabot,Oen,9/24/1991,Female,612 Debs Court
233,Dudley,Jodrelle,Abrahamian,10/29/2014,Male,42 Forest Terrace
234,Ibby,Worters,Saltwell,6/15/1999,Female,8 Charing Cross Terrace
235,Christophorus,Mathison,Sand,9/2/1993,Male,85624 Forest Dale Terrace
236,Tammara,Ramsier,Speariett,3/2/2013,Female,1343 Sauthoff Parkway
237,Montgomery,Meynell,Tiery,2/17/2019,Male,13 Elka Pass
238,Welby,Dorie,Droogan,9/15/2012,Genderfluid,62 Florence Hill
239,Grove,Barhems,Simond,12/19/1976,Male,23240 Golf View Junction
240,Rubin,Chessum,Milverton,1/9/1987,Male,4971 Jenifer Alley
241,Kearney,McGannon,Commings,9/29/2005,Male,12673 Prairie Rose Road
242,Robbin,Rowlands,Volkes,7/11/1972,Female,799 Pearson Plaza
243,Jordon,Eger,MacKee,12/23/2017,Male,7 Sherman Alley
244,Curt,Crallan,Bilyard,2/9/1983,Male,95042 Red Cloud Way
245,Maurita,Airs,Pont,2/4/1995,Female,3516 Ridge Oak Park
246,Ardine,Weir,Gudeman,8/21/2013,Genderfluid,3 Loeprich Road
247,Griffie,Gigg,Oxer,11/3/1970,Male,60440 East Park
248,Darryl,Hayesman,Kardos-Stowe,9/30/2016,Male,42937 Grim Alley
249,Alfonse,Barneveld,Chrisp,6/19/1979,Male,277 Scott Plaza
250,Pearl,Yetman,Churcher,8/25/1978,Female,6303 Merchant Plaza
251,Felicdad,Silley,Cosson,10/21/1987,Female,57406 Spohn Alley
252,Leonerd,Kordas,Dooher,9/30/1984,Male,1814 Shoshone Court
253,Ingar,Turville,Victory,6/3/2007,Male,8 Bunker Hill Road
254,Delmor,Giaomozzo,Goodhew,4/12/2004,Male,0432 Springview Center
255,Valentino,Riep,Beesey,8/27/1995,Male,206 Heath Street
256,Roi,Seward,Handrek,6/21/1999,Male,429 Mandrake Center
257,Jedd,Eagers,Feldhammer,1/8/1980,Male,1 Service Park
258,Isis,Bourthouloume,Odegaard,2/24/2013,Female,2206 Dakota Street
259,Clara,Thaim,Lenchenko,4/20/1988,Female,2 Hazelcrest Center
260,Jeramey,Sherrington,Aneley,7/15/2006,Male,337 Pond Avenue
261,Garey,Bedow,Perfili,5/14/1989,Male,32027 Hallows Point
262,Rodie,De Giorgi,Josh,11/21/1975,Female,08671 Dunning Terrace
263,Cam,Maypowder,Villaron,5/1/2013,Male,487 Milwaukee Court
264,Wylma,Dudeney,Derill,12/30/2007,Female,7 1st Lane
265,Jecho,Leroy,Jolin,10/10/2006,Male,9 Sloan Street
266,Annmarie,Dilland,Corneljes,1/2/1999,Female,30068 Cottonwood Alley
267,Mortie,Stewartson,Boulger,9/10/1989,Male,310 Eliot Pass
268,Karleen,Dyble,Emney,5/30/2001,Female,9 Hermina Court
269,Abby,Winskill,Lelande,6/1/1977,Male,652 6th Avenue
270,Myrwyn,Pittet,Pauncefoot,12/22/2016,Male,6952 Jenna Lane
271,Silvio,Wasmer,Oldershaw,9/11/1996,Genderfluid,4340 Everett Avenue
272,Eliot,Korous,Lemmon,11/5/2011,Male,3862 Cascade Place
273,Stafford,Scarlet,Hawken,9/12/2012,Male,0662 Northfield Trail
274,Torrie,Pietron,Brodway,11/9/2015,Female,0725 Old Shore Point
275,Dalenna,Meier,Anfossi,8/20/1992,Female,9571 Elmside Center
276,Lionello,Gouldthorpe,Bradlaugh,9/5/1998,Male,48746 Crowley Terrace
277,Iosep,Manion,Hunsworth,7/15/2016,Male,5 Sunnyside Crossing
278,Kippy,Cawdery,Bigham,6/22/1977,Bigender,9 Burning Wood Avenue
279,Idalina,Fonzo,Mew,10/19/1997,Female,20 Morrow Pass
280,Wini,McGlaughn,MacKnight,11/6/1984,Female,08 Maple Junction
281,Vikki,Drysdell,Cromblehome,12/25/2013,Female,09 Farwell Street
282,Eberto,Pennrington,Dicken,6/9/1989,Male,2254 Fairview Circle
283,Kinnie,Bice,Tredget,2/6/2017,Male,6 Derek Hill
284,Padraic,Laws,Antushev,9/26/2006,Agender,42 Stone Corner Parkway
285,Hamnet,Cowlin,McCleary,6/15/1991,Male,626 Mockingbird Circle
286,Erv,Govey,Herrema,4/13/2002,Male,70 Division Circle
287,Juliette,Hamm,Southernwood,7/28/1979,Female,5275 Rockefeller Park
288,Raffarty,Janout,Grinaugh,4/24/2019,Male,8 Morrow Terrace
289,Patrick,Byford,Martynov,12/30/2019,Male,415 Ridgeway Alley
290,Aeriel,Buesden,McGrae,12/14/1979,Female,07 Vernon Street
291,Zia,Scranny,Wilce,3/24/1998,Female,327 Saint Paul Junction
292,Cyrus,Benjamin,O'Hannen,2/8/1985,Male,49 Hagan Way
293,Amos,Letixier,Bernhard,4/2/2012,Male,58 American Plaza
294,Deb,Logsdale,Schmuhl,12/4/1971,Female,471 Forest Run Place
295,Nat,Okenden,Elmer,7/7/1981,Male,322 Leroy Street
296,Sidonnie,Jacobowicz,Mation,1/2/1988,Female,92909 Pearson Center
297,Rosanna,Suter,Chalfont,6/18/2004,Female,16526 Moose Point
298,Dorthea,Lovie,Linskill,3/16/2009,Female,50894 Jenna Trail
299,Leopold,Klausen,Ollet,6/20/2001,Male,2747 Glacier Hill Street
300,Sasha,Klassman,Pindell,8/16/1972,Male,43551 Moose Avenue
301,Ebony,Ells,Stabler,5/1/1992,Female,92551 School Avenue
302,Melania,Whimper,Romaines,6/28/2011,Female,18 Longview Junction
303,Margarita,Mayston,McTavish,2/11/2013,Female,9509 West Alley
304,Cherlyn,Capinetti,Dickie,11/18/1974,Female,2 Sachs Center
305,Creight,McRoberts,Braddick,5/30/1970,Male,530 Artisan Park
306,Phip,Speer,Snaden,6/5/2002,Male,12091 Ruskin Parkway
307,Maddie,Tschursch,Faughey,4/19/2019,Female,911 Park Meadow Point
308,Reade,Garfoot,Pidgeley,1/4/1972,Male,14 La Follette Way
309,Abbot,Fattorini,Thaim,7/16/2020,Male,5 Waxwing Alley
310,Nial,McKinlay,Chimenti,3/7/1999,Male,1 Leroy Plaza
311,Thia,Mottley,Emer,3/22/2001,Female,28 Northland Park
312,Haleigh,Bee,Strachan,8/23/1971,Male,940 Carey Drive
313,Jaime,Dunklee,Udey,3/28/1979,Female,0 Dunning Road
314,Rebecca,Symmers,Richarson,6/2/1990,Female,80 Pennsylvania Terrace
315,Ryan,Loiterton,Dielhenn,4/22/1985,Male,4 Portage Center
316,Cherie,Vedyaev,Ornils,9/25/2019,Female,9700 Hansons Street
317,Taber,MacTague,Genny,4/1/1999,Male,80 Autumn Leaf Hill
318,Klarika,Hulburd,Goby,3/24/2004,Female,84 Meadow Ridge Way
319,Yalonda,Garn,Klebes,4/12/2018,Female,87753 Main Circle
320,Ives,Nashe,Frankel,8/26/1974,Male,562 Linden Way
321,Claire,Neeve,Braybrook,2/28/2010,Female,37 Fairview Point
322,Bria,Lambshine,Cossons,1/25/1987,Female,70024 Loeprich Court
323,Phineas,Taffrey,Reilingen,1/15/1994,Male,1089 Almo Terrace
324,Rosanne,Akess,Bellward,9/30/2004,Female,22783 Mandrake Park
325,Ruy,Yashnov,Pitrelli,7/13/1999,Male,194 Bunting Center
326,Connie,Eates,Geffcock,5/13/1990,Female,79456 Burrows Road
327,Hartley,Kinnar,D' Angelo,6/2/2019,Male,73 Mayfield Circle
328,Creighton,Newvill,Troy,12/22/1988,Male,210 Pierstorff Trail
329,Bridie,Frise,Rattry,5/15/1970,Female,84001 Dennis Center
330,Fonsie,Rignoldes,Lenton,2/28/1997,Male,01373 Schiller Park
331,Clari,Gethins,Myers,8/21/2018,Female,00588 Norway Maple Road
332,Graig,Treharne,Bray,1/24/2009,Male,06 Memorial Drive
333,Dalston,Ridpath,Fulham,7/4/2010,Male,300 Anthes Pass
334,Wandis,Lynskey,Dutton,5/26/1974,Female,18325 Farragut Avenue
335,Babbie,Cloonan,Stot,7/12/2015,Female,154 Autumn Leaf Plaza
336,Dorise,Fulton,Broxap,8/13/1987,Genderqueer,7 Oriole Crossing
337,Auroora,Gartshore,Slatcher,4/18/1989,Female,48570 Muir Way
338,Nathanael,Lyburn,Godspeede,12/6/1981,Male,5 Dorton Hill
339,Bethina,Erie,Vandrill,5/14/1991,Female,19703 Aberg Park
340,Teodoro,Jozef,Gircke,6/20/1973,Male,1 Homewood Parkway
341,Enrico,Bernetti,Spere,1/27/2017,Male,59356 Farwell Lane
342,Rafaello,Blay,Ellicott,8/7/1976,Male,003 Village Green Place
343,Jarad,Zarb,Goddman,12/25/2011,Male,6 Laurel Pass
344,Chuck,McCrow,Fowden,12/25/2006,Male,98801 Hermina Drive
345,Dyan,Bennell,Dowber,10/13/1995,Female,79 Lien Drive
346,Anestassia,Osban,Greenfield,11/27/1971,Genderqueer,063 Algoma Drive
347,Garry,Fatharly,Pollak,5/15/2017,Male,9 Grim Center
348,Mose,Klauber,Munns,9/7/2018,Male,002 Jana Park
349,Rheta,Pourvoieur,MacIllrick,12/28/2001,Female,9 Milwaukee Circle
350,Ricki,Dyshart,Tremellan,8/5/1977,Female,76116 Karstens Road
351,Tripp,Plevin,Gonzalo,7/24/2005,Male,63 Sutteridge Place
352,Leslie,Springford,Fucher,9/13/2006,Agender,7833 Buena Vista Crossing
353,Maire,Beedell,Haddock,2/5/2006,Female,24 Merchant Trail
354,Arch,Abramovitch,Martyn,4/28/1982,Male,8 Independence Street
355,Shell,Hinz,Shann,7/21/1999,Male,584 Roth Court
356,Amberly,Berrey,Allone,11/30/2012,Genderfluid,0 Chinook Place
357,Dniren,Earlam,Chatto,9/11/1993,Female,8439 Carioca Hill
358,Emyle,Haigh,Carpe,2/8/1974,Female,5293 Mendota Point
359,Morey,Minker,Rosensaft,6/17/1973,Male,59 Loeprich Terrace
360,Giacopo,Pollett,Gonoude,2/22/2007,Male,9 Dryden Terrace
361,Scot,MacGorley,Dufaire,5/16/1992,Male,555 Oxford Road
362,Sheba,Macias,Duffield,2/26/1996,Female,60816 Corry Way
363,Jessamine,Petrushka,Rees,12/18/2004,Female,84 Hollow Ridge Pass
364,Yasmeen,Baynom,Spuffard,4/22/2003,Female,1579 Stone Corner Circle
365,Nathanil,Mathivat,Alesi,2/28/2014,Male,3935 Waubesa Hill
366,Durante,Albin,Linnitt,1/25/2002,Male,50 Haas Circle
367,Shalna,Danilyak,McGuane,1/6/2009,Female,346 Browning Circle
368,Julienne,Estick,Stopher,10/19/2012,Female,8 Sommers Terrace
369,Bernardine,Wase,Cattrall,12/13/1988,Female,331 Grover Terrace
370,Louie,Wilsone,Sliman,6/24/2009,Male,97 Village Lane
371,Genevra,Stainton - Skinn,Downer,9/5/2012,Female,969 Ridge Oak Place
372,Phyllis,Matthius,Pattingson,10/27/1989,Female,068 Mayfield Alley
373,Scotty,Al Hirsi,Iannazzi,8/24/1971,Male,1 Bluestem Place
374,Jacquelyn,Ludlom,Haslen,4/13/1998,Female,84 Sutherland Way
375,Cly,O'Fogarty,Slavin,8/24/2020,Male,294 Almo Avenue
376,Alicia,Gutch,Shadrack,6/24/2005,Female,3814 Fisk Park
377,Idalia,Hosby,Heake,11/26/2019,Female,2 Colorado Junction
378,Trina,Lodford,Alton,8/24/1994,Female,04247 Judy Parkway
379,Prudy,Sherwyn,Brougham,2/22/1980,Female,15485 Monument Parkway
380,Alvie,Lewson,Hagan,2/13/1972,Male,680 Buena Vista Center
381,Eloise,Mauvin,Blackly,8/2/2008,Genderfluid,57072 Rowland Junction
382,Adriane,Duval,Juett,11/11/1989,Female,78 Oriole Alley
383,Farlee,Raynton,Ianitti,4/16/2013,Male,493 Oak Pass
384,Bryon,Catcherside,Shwalbe,7/25/2002,Male,24 Ohio Court
385,Reggis,Tant,Snellman,9/22/2006,Male,5543 Sunbrook Plaza
386,Ad,De la Perrelle,Miklem,6/25/2008,Male,092 Talmadge Junction
387,Kirby,Merfin,Tyer,10/16/1981,Male,3 Cherokee Terrace
388,Lil,Lauxmann,Ketchaside,3/25/2006,Female,12 Iowa Lane
389,Dick,Bonnette,Cella,8/23/1973,Male,255 Ryan Alley
390,Spike,Longlands,Everton,8/12/2003,Agender,9438 American Junction
391,Nevins,Pavelin,Richfield,8/11/2016,Male,49055 Little Fleur Court
392,Randy,Abrahams,Muddicliffe,10/9/2003,Male,5 Hoffman Place
393,Siusan,Patek,Duncombe,7/25/2010,Female,1 Claremont Parkway
394,Rorie,Doxsey,Resun,11/14/2005,Female,9918 Northport Crossing
395,Liam,Seekings,MacCaffrey,6/14/2020,Male,951 Bartillon Lane
396,Filia,Syrie,Boycott,4/12/2007,Female,4 Pawling Point
397,Holli,Cassels,MacPhail,7/17/1997,Female,14 Texas Way
398,Tildie,Treske,Bonwick,9/13/1980,Female,82534 Lyons Junction
399,Melisent,Scarce,Sydall,9/2/1986,Female,4 Browning Road
400,Kahaleel,Placidi,Cowerd,7/5/1979,Male,7 Bay Circle
401,Saraann,Gethyn,Yetts,3/4/2011,Female,6334 Stuart Alley
402,Xymenes,Snazle,Quinion,9/12/2009,Male,9 Aberg Road
403,Rebecka,Nelmes,Jebb,2/20/2016,Female,7732 Dunning Terrace
404,Dian,McDarmid,Unsworth,9/25/2012,Female,6 Fisk Way
405,Darsie,Whitland,Kusick,6/18/1984,Female,000 8th Center
406,Andrus,Cantero,A'field,5/11/1989,Male,0675 Ridge Oak Alley
407,Mandy,Fennell,Bonafant,5/24/1985,Genderqueer,11594 Crescent Oaks Road
408,Marja,Murcott,Losebie,2/13/1986,Female,9008 Barnett Place
409,Archibaldo,Carreck,Southerden,1/21/1982,Male,591 Toban Point
410,Derek,Chellam,Kean,10/16/1980,Male,6 Gerald Crossing
411,Keri,Argontt,Kampshell,10/7/1996,Female,92 Bowman Pass
412,Junette,Billings,Giffon,3/22/2010,Female,3168 Helena Circle
413,Oriana,Vaughan-Hughes,Phizacklea,1/27/1994,Female,8319 Farwell Street
414,Jandy,Henbury,Ricketts,2/18/2004,Female,64317 Badeau Road
415,Pauletta,Moneti,Sictornes,1/8/2002,Female,77307 Luster Terrace
416,Jacquetta,Antonsen,Scherme,1/31/2008,Female,103 Ridgeview Way
417,Paten,Calyton,Smaleman,10/3/1989,Genderfluid,94 Pawling Parkway
418,Griffie,Stollery,Gabb,9/17/2011,Male,351 Moulton Pass
419,Findley,Tillerton,Terrelly,1/14/2014,Male,300 Anthes Court
420,Austen,Clarey,Crim,5/13/2018,Male,6 Anderson Road
421,Myrta,Worling,Dimitrescu,2/16/2013,Female,7 High Crossing Avenue
422,Bee,Boxer,Poxon,9/19/1984,Female,2718 Independence Trail
423,Dora,Hagston,Samwayes,5/14/1992,Genderfluid,14 Gulseth Junction
424,Kyle,Varley,Cleland,10/26/2012,Female,0435 Killdeer Hill
425,Austin,Langham,O'Hagerty,12/17/2005,Male,808 Hooker Center
426,Carey,Tuma,Gives,10/15/1986,Female,2348 Comanche Junction
427,Yurik,Petyakov,Brute,2/26/1978,Male,82661 Mockingbird Park
428,Heath,Fetters,Simonnot,1/21/1971,Female,0761 Waxwing Hill
429,Leslie,Siemon,Strippel,4/8/1998,Female,3 Vermont Court
430,Izaak,McCullum,Odell,7/23/2014,Male,08277 East Court
431,Johny,Kennifeck,Babber,1/29/1971,Male,9614 Crowley Junction
432,Gwyn,Labbe,Ebbutt,5/9/2014,Female,7 Sycamore Hill
433,August,Scocroft,de Vaen,5/18/2008,Male,6446 Leroy Drive
434,Astra,Bouch,Cristofano,8/22/1973,Female,0761 Esker Alley
435,Trixie,Thunderchief,Fayer,12/24/2015,Agender,12918 Shopko Place
436,Ebenezer,Ethridge,Caughte,3/31/2013,Male,9009 Oriole Street
437,Taylor,Fermin,Grundy,12/31/2010,Male,20 Redwing Center
438,Brantley,Annett,Myderscough,3/29/2012,Non-binary,89 Summerview Court
439,Darb,Tante,Pyrton,7/5/2016,Male,7985 Fordem Alley
440,Steffie,Balassa,Noddings,10/16/1977,Female,959 Petterle Court
441,Tracie,Shier,Renish,4/8/1990,Male,370 Anderson Pass
442,Harley,Scullion,Gowdie,4/1/1982,Male,29 Randy Junction
443,Noemi,Eagleston,Yerborn,9/13/2012,Female,6212 Caliangt Court
444,Luise,Scamp,Bateman,2/18/1986,Female,3576 Mendota Junction
445,Dodi,O'Finan,Dukesbury,7/18/2018,Bigender,7303 Carberry Place
446,Darcie,Ysson,Siccombe,7/14/1984,Female,702 Tony Street
447,Lucilia,Crumley,Shepperd,4/27/1989,Female,46 Eagan Pass
448,Adamo,O'Quin,Matissoff,12/5/2003,Male,12 Hollow Ridge Center
449,Ezra,Mosten,Pymar,5/22/1990,Polygender,50622 Wayridge Junction
450,Bondy,Methringham,Luppitt,8/4/2001,Male,00551 Holy Cross Point
451,Ingemar,Mickleborough,Griffoen,8/31/1995,Male,2 Mendota Road
452,Mercy,Lomath,Lilloe,6/1/1982,Female,52 Maryland Plaza
453,Collen,Neilan,Dybell,2/23/1990,Female,8 Talisman Circle
454,Clara,Dibling,Coppard,11/7/2014,Female,19 Bunker Hill Junction
455,Amber,Matys,Pettecrew,9/26/1981,Female,18 Mallard Point
456,Baily,Jannaway,Eva,6/5/1982,Male,9564 Crest Line Alley
457,Sharl,Soutter,Payley,10/26/2019,Female,5540 Oak Drive
458,Sheree,Kollaschek,Legister,5/3/2003,Female,153 Doe Crossing Terrace
459,Vernice,Giller,Kits,9/7/2010,Female,20068 Kropf Center
460,Leila,Petruszka,Rivalant,9/22/1973,Female,95 Sachs Alley
461,Ulrich,Mandre,Rowter,11/14/1998,Male,84 Forest Dale Place
462,Salli,Kerton,Awcock,1/26/2007,Female,3 Ridge Oak Trail
463,Granger,Tourle,Forrington,5/8/1980,Male,77 Eastwood Hill
464,Juieta,Taffley,Selburn,4/11/2007,Female,54 Jackson Terrace
465,Tobey,Duignan,Tyrone,9/10/1986,Female,3 Hoard Drive
466,Burnard,Christie,Linnit,2/17/2003,Male,85 Forest Point
467,Herby,Mityukov,Jenoure,2/7/1998,Male,74918 4th Circle
468,Wye,Alker,Melmeth,9/2/2019,Male,714 Eastwood Drive
469,Anthony,Megson,Smylie,1/23/1970,Non-binary,52366 Kipling Avenue
470,Hobart,Baccus,Bardill,10/24/1992,Male,364 Corry Crossing
471,Philippe,Doucette,Alessandrucci,4/17/2009,Female,5 Meadow Vale Court
472,Sloane,Kristufek,Rawcliffe,4/10/2003,Male,723 Corben Way
473,Aubrette,Dyerson,Meugens,1/28/1973,Female,97630 Marquette Alley
474,Dian,Eggle,Boughey,3/24/2013,Female,3209 Novick Place
475,Allix,Suermeier,Lghan,4/27/1982,Female,2 Hauk Circle
476,Ruthie,Spurrett,M'Chirrie,5/31/1982,Female,11 Troy Circle
477,Adolpho,Grace,Vanner,10/5/1970,Male,1 Brown Drive
478,Juliane,Rookes,Armour,3/4/2009,Female,71398 Helena Road
479,Ag,Pooly,Duffie,2/26/2006,Female,3 Beilfuss Terrace
480,Moll,Carver,Hegge,7/29/1972,Female,587 Dexter Pass
481,Erna,Ehlerding,Goodier,12/22/1973,Female,8 Tennessee Plaza
482,Holmes,Robelet,Feldbrin,12/15/1982,Male,26 Maple Wood Circle
483,Candy,Scotcher,Benbough,8/22/1993,Polygender,41296 Gina Circle
484,Carrissa,Jirousek,Inseal,5/28/2014,Female,54 Bellgrove Plaza
485,Casi,Hembling,McAuslan,2/21/2013,Female,73 Meadow Valley Court
486,Jessey,Hercock,Ballinger,12/15/1981,Male,73 Steensland Trail
487,Henderson,Dirand,Wisham,3/4/1998,Male,93 3rd Road
488,Tris,Fensome,Izkoveski,4/30/1972,Male,7 Russell Parkway
489,Drusi,Lehenmann,Casserly,5/1/1997,Female,4 Brentwood Way
490,Forest,Wasmuth,Beaman,3/31/2004,Genderqueer,2 Maple Wood Parkway
491,Hew,Lorente,MacGarvey,12/26/2008,Agender,3 Randy Parkway
492,Englebert,Brisset,Rantoul,6/16/1979,Male,6 Reindahl Circle
493,Sherwood,Braunds,Arno,1/13/1971,Bigender,449 Vidon Court
494,Fara,McAw,Ransome,12/2/1985,Female,1940 Dunning Court
495,Miguelita,Lodwig,Valerio,12/27/1992,Female,699 Barby Way
496,Lizette,Coull,Buzza,12/15/2000,Female,649 Reinke Pass
497,Menard,Worvill,Ziehms,8/23/2005,Male,97 Scofield Drive
498,Dusty,Yakunin,Beig,4/1/1989,Female,106 Fieldstone Parkway
499,Chaddie,Birden,Cutchey,1/11/1983,Male,6 Bluestem Park
500,Myrlene,Jaffray,Cawthry,2/26/2012,Female,918 Duke Court
501,Wiatt,Copping,Scraggs,7/1/2018,Male,9963 Bellgrove Court
502,Augy,Bridat,Crabtree,7/22/2020,Male,44521 Becker Park
503,Clarice,Hollingby,MacIver,10/17/1983,Female,584 Derek Plaza
504,Krystle,Galletly,Petch,1/25/2012,Female,12545 Valley Edge Street
505,Jewel,Yea,Van Salzberger,7/5/2013,Female,6876 Sunnyside Avenue
506,Adrianne,Curm,Titheridge,7/6/1974,Non-binary,3 Northport Street
507,Teador,Borrington,Cromleholme,9/3/1973,Male,10 Butterfield Park
508,Tommy,Woodnutt,Szymanowski,7/12/2004,Genderqueer,56 Doe Crossing Pass
509,Pablo,Rodders,Sedgemore,6/7/2003,Polygender,1230 Everett Way
510,Alfy,Shearmur,Hamlet,3/25/1986,Female,80 Schmedeman Crossing
511,Kimberli,Hodges,Goymer,7/10/2019,Female,3804 Northview Crossing
512,Oriana,Nettleship,Rakestraw,8/15/1979,Female,89 Kensington Hill
513,Clerc,Norquoy,Worgan,6/22/1997,Male,12 Novick Point
514,Rodd,Mortel,Skettles,10/6/1984,Male,1 Judy Drive
515,Darn,Moret,Chidgey,9/5/1995,Male,556 Shopko Avenue
516,Hubert,Prangnell,Betts,4/10/1972,Male,91 Doe Crossing Plaza
517,Whitney,Mettrick,Shakshaft,9/24/1996,Male,229 Toban Pass
518,Alfie,Downs,Heliet,5/20/1976,Male,602 Meadow Vale Lane
519,Farrah,Petch,Esser,2/22/1984,Female,02940 Sunbrook Alley
520,Cathleen,Gibbs,Jendrys,10/25/1977,Female,1645 Vernon Junction
521,Marve,Rack,Skells,1/6/2008,Male,4061 Granby Pass
522,Thomas,Howler,Kleinsinger,6/24/1972,Male,73 Sunbrook Court
523,Dionysus,Mort,Bolstridge,11/23/2019,Male,15193 Atwood Lane
524,Angelo,Wilbore,Kerwood,5/30/2014,Male,42 Bowman Parkway
525,Caz,Bridgwater,Clemmey,5/23/1973,Male,23 Ruskin Crossing
526,Myra,Reightley,Fidele,4/11/1988,Female,0 Prairie Rose Point
527,Brion,Coite,Burgane,2/27/1999,Male,2108 Main Alley
528,Fanchon,McMillian,Beagles,1/11/1999,Female,903 Elka Road
529,Esmaria,Thundercliffe,Baud,5/28/1994,Female,9258 Buhler Road
530,Patricia,Luto,Yell,1/31/2016,Female,492 Hauk Plaza
531,Camella,Willcox,Larwood,10/18/1974,Female,16253 Marquette Center
532,Ericka,Stothard,Estabrook,3/28/1982,Female,463 East Drive
533,Dorris,Carmichael,Gehricke,5/14/1978,Female,35539 Eastlawn Junction
534,Nicky,Rodenburgh,Oiseau,12/12/2010,Male,42 Armistice Junction
535,Norina,McAllen,Jenkin,5/1/1972,Female,33437 Loomis Alley
536,Maisie,Toplin,Wainscoat,8/30/2000,Female,78 Golden Leaf Junction
537,Isobel,Walls,Kilmartin,2/14/1983,Female,250 Leroy Drive
538,Nikolaus,Glauber,Buffham,4/27/1983,Male,9 Buell Hill
539,Hubey,Povah,McLellan,1/6/1989,Male,936 Rockefeller Junction
540,Penni,Sidaway,Asals,1/31/2013,Female,10 Main Court
541,Torrie,Attwater,Cardo,10/3/2000,Agender,04989 Victoria Junction
542,Franny,Sabban,Sander,11/16/2000,Male,862 Arkansas Pass
543,Toby,Deek,Tatershall,5/25/2002,Male,402 Cascade Point
544,Gussi,Cusworth,Pleven,6/5/2017,Female,231 Tony Point
545,Bronnie,Elnough,Nowakowski,12/4/1990,Male,4 Forest Run Place
546,Bobine,Oughton,Benaine,9/25/2006,Agender,0 Manitowish Place
547,Sylas,MacConnell,Beetham,3/5/1979,Male,65 Anthes Avenue
548,Karita,Folker,Greenless,12/4/1973,Female,42 Ludington Plaza
549,Ricardo,Tatlow,Pau,6/16/1999,Male,18841 Badeau Street
550,Shellie,Holburn,Leighton,3/16/1986,Female,78 Homewood Alley
551,Molly,Beardshall,Ravens,8/19/1993,Female,355 Gale Road
552,Barry,Follan,Alphege,3/7/1978,Male,63 Esker Crossing
553,Darryl,Cansdill,Ivel,12/5/1995,Non-binary,07 Sunfield Street
554,Gilburt,Blockley,Vamplers,5/26/1998,Male,014 Parkside Alley
555,Godiva,Simondson,Kinahan,5/7/1975,Female,4328 Schurz Court
556,Kikelia,Jallin,Gonzalvo,11/12/1987,Female,079 Montana Crossing
557,Yvette,Penwright,Elletson,6/3/1984,Female,04 Chinook Court
558,Mic,Gethins,Stanbra,12/19/2019,Male,7502 Buhler Pass
559,Lion,Coombes,Allabarton,2/27/1996,Male,939 Knutson Pass
560,Jo,Teague,Semmence,9/24/1993,Female,95550 Sycamore Trail
561,Pepillo,Schaffel,Treleven,6/20/1980,Non-binary,29849 Susan Court
562,Bernard,Tollmache,Colleymore,9/9/2013,Male,8 Brickson Park Point
563,Rolfe,Barnardo,Minto,10/12/2003,Male,5891 Boyd Park
564,Christoffer,Holliar,Robeiro,5/22/2017,Male,5871 Meadow Valley Trail
565,Ki,Crowther,Yedall,5/18/1989,Female,1186 Dorton Trail
566,Dael,Tuckwood,Purle,9/7/1995,Male,849 Oxford Center
567,Berget,Tuppeny,Overnell,9/23/1974,Female,75 Truax Center
568,Veronike,Innott,Cheverton,10/5/2010,Polygender,5390 Express Junction
569,Rae,Sargerson,Geraldini,11/11/1978,Female,65 Hintze Center
570,Saraann,Swanne,Ducarne,12/29/1977,Female,09 Hoard Terrace
571,Devy,Dalligan,Grummitt,1/24/2002,Male,710 Fairview Center
572,Margret,Towe,Shingles,1/1/1976,Female,45913 Independence Terrace
573,Bary,Carroll,Snazle,11/6/2003,Male,3 Pawling Point
574,Reube,Aynsley,Belchamp,6/8/2012,Male,0368 Stone Corner Crossing
575,Nevsa,Lilley,Dadd,10/17/1971,Female,704 Portage Parkway
576,Sigvard,Lauga,Blesdill,12/22/2004,Bigender,95716 Towne Pass
577,Karl,Lord,Clarricoates,5/9/1980,Male,0437 Barby Street
578,Franny,McWhannel,Escreet,11/4/1998,Genderfluid,2042 Beilfuss Pass
579,Krishna,Peoples,Truwert,8/10/2011,Male,8095 Reinke Terrace
580,Gaylord,Trumper,Solly,1/5/1994,Male,16 Coolidge Pass
581,Kenon,Hamilton,Lippitt,7/30/1970,Male,0 Holy Cross Parkway
582,Sela,MacDougal,Bisco,12/27/1974,Female,9 Onsgard Road
583,Doralynn,Dredge,Brellin,7/6/1987,Female,67 Toban Pass
584,Moria,Pretti,Chicken,11/13/2011,Female,001 Tennessee Terrace
585,Julio,Miskin,Poolton,1/13/1998,Male,2 Forest Place
586,Ranique,Caush,Stormes,11/13/1979,Female,86876 Golf Court
587,Barnaby,Drillot,Junifer,8/31/1990,Male,7742 Green Alley
588,Deloria,Enbury,Beche,5/14/2010,Female,646 Warrior Place
589,Taite,Sale,Cathenod,2/20/1992,Male,8 Cambridge Park
590,Renault,Doxey,Kernock,3/2/1993,Male,6892 Hermina Pass
591,Emmalyn,Foch,McDugal,1/22/1988,Female,9 Glendale Trail
592,Opaline,Camel,Stammirs,11/1/2006,Female,1534 Anhalt Point
593,Colby,Aldred,Paule,12/26/2003,Male,42622 Bultman Way
594,Tiff,Jarlmann,Fritchley,9/10/1970,Female,93 Donald Junction
595,Reamonn,Sweetsur,de Villier,7/6/1991,Male,39 Dexter Trail
596,Everett,Jago,Quest,1/31/2009,Male,2 Warner Way
597,Tanney,Lorand,Giacopello,12/9/2015,Male,2 Carey Junction
598,Athene,Petty,Werndly,7/16/2015,Female,4321 Veith Court
599,Hayes,Tongue,Townby,5/28/1997,Male,435 Spaight Terrace
600,Norbie,Liff,Sweetnam,12/24/1985,Male,8594 Russell Way
601,Jamesy,Brennenstuhl,Simkovitz,3/14/2013,Male,5 Hagan Lane
602,Giacopo,Swainsbury,Simmill,7/18/2012,Male,36 Shopko Circle
603,Prisca,Baudrey,Putton,10/31/1984,Female,8245 Anniversary Way
604,Anson,Boyda,Arunowicz,2/6/1970,Male,0824 Arkansas Drive
605,Ileane,Thorneloe,Afield,11/14/2003,Female,282 2nd Circle
606,Val,Bignell,Gerok,9/7/1973,Female,7 Jay Trail
607,Amitie,Novill,Stedall,9/21/2011,Agender,48106 Hoffman Lane
608,Derrek,Kohen,Joffe,3/10/1986,Male,205 Nelson Parkway
609,Barnard,Swanwick,Niblo,4/1/1981,Male,61914 Shasta Terrace
610,Griffin,Tallowin,Squires,4/28/2016,Male,98 Fremont Trail
611,Blinni,Dot,Cattemull,9/2/1990,Female,831 Stoughton Trail
612,Gary,Gorgl,Pepperrall,8/5/2007,Male,60400 Cardinal Alley
613,Concordia,Petto,Penhale,10/29/1995,Female,5 Sycamore Park
614,Lea,Paulitschke,Swinburn,8/21/1978,Female,116 Northport Hill
615,Minna,Micka,Huggett,2/26/1991,Female,913 Duke Hill
616,Cammie,Kenworthey,Binley,11/16/1980,Female,41052 Orin Center
617,Cooper,Sirl,Goold,3/12/1991,Male,0263 Eliot Pass
618,Rosanna,Govey,Rowantree,9/3/1974,Female,989 Chinook Drive
619,Nikolia,Blakeney,Adacot,2/7/1973,Female,7257 Hoard Center
620,Trudy,Victory,Francais,4/10/2015,Female,33 Tomscot Hill
621,Fionna,Crickmoor,Moryson,4/1/2009,Female,242 Muir Street
622,Sosanna,Carlsson,Birk,2/4/2014,Female,42 Independence Park
623,Cristina,Myderscough,Alsopp,8/30/1974,Female,31849 Lukken Way
624,Angelita,Pepperill,Ferrucci,3/30/2006,Female,3719 Nevada Pass
625,Melosa,Teck,Skilbeck,8/13/1997,Female,039 Oak Valley Alley
626,Jabez,Belli,Janota,3/2/2006,Male,761 Carey Lane
627,Denis,Tooley,Stainfield,10/9/1974,Male,985 Dwight Court
628,Joelly,Graveney,Bastiman,6/19/2018,Female,96022 Heffernan Pass
629,Brien,Maleby,Davern,8/3/1987,Male,0 Straubel Court
630,Christoforo,Stanistrete,Bilsland,6/21/1973,Male,127 Badeau Trail
631,Asia,Exeter,Bubbins,8/14/1982,Female,1875 Forest Run Terrace
632,Broderick,Petrolli,Stilling,5/15/2019,Male,4 Beilfuss Trail
633,Orin,Housaman,Sykes,1/16/1976,Male,576 American Ash Parkway
634,Puff,Ferronet,Lydford,6/8/1991,Genderfluid,904 Hermina Trail
635,Ilyssa,Bollom,Schapero,9/11/1983,Bigender,4004 Clyde Gallagher Drive
636,Louisette,Bruffell,Angus,12/11/2019,Female,3779 Bluejay Alley
637,Olav,Tolomio,Schoffler,10/6/1990,Male,2 Waxwing Road
638,Lenee,Pickwell,Haycox,11/13/2003,Female,17 Raven Junction
639,Gerty,Biasotti,Mastrantone,10/5/2005,Female,8463 Merchant Plaza
640,Godart,Rosle,Snowling,8/5/2006,Male,5 Briar Crest Terrace
641,Sayre,Piscopo,Starte,2/10/2016,Male,74416 Maple Wood Crossing
642,Gabbi,Helian,Osborne,4/28/1973,Female,2 Nobel Plaza
643,Hilly,Usherwood,MacEllen,9/29/1971,Male,64879 Oriole Trail
644,Alfie,Hedworth,Stoyell,10/15/2001,Female,75 Sutteridge Street
645,Lockwood,Terbeck,Snassell,9/30/1978,Male,9 Lakeland Point
646,Hershel,Radcliffe,Jacmard,8/2/2010,Male,67083 6th Hill
647,Jocelyne,Snel,Caddens,6/29/2013,Female,5 Debra Place
648,Jeanine,Masselin,Trowl,10/7/1994,Female,44578 Fairfield Park
649,Darius,Tynan,Picardo,3/20/1981,Male,20 Northview Point
650,Emalee,Spaice,Bauser,4/2/1982,Female,6313 Jenifer Place
651,Lenna,Clyne,Vasnev,5/29/1984,Female,7 Dayton Parkway
652,Addia,Piperley,Chorley,8/12/1988,Female,34167 Hoard Hill
653,Mei,Pettiward,Josefson,11/3/2020,Female,9344 Utah Junction
654,Wilden,Romayn,Scholes,6/11/2020,Male,78739 Iowa Road
655,Binnie,Belverstone,Moroney,10/9/2004,Female,85 Drewry Junction
656,Milka,Bernardoux,Fosberry,12/7/2018,Female,7556 Ridgeview Park
657,Lavinie,Proudley,Shiers,6/9/2020,Non-binary,0129 Oxford Trail
658,Leela,Surguine,Mocker,4/27/1978,Female,367 Clove Alley
659,Erik,Searight,Vize,5/26/2004,Male,7 2nd Hill
660,Zack,Glasard,Shorland,4/17/2013,Male,92 Algoma Terrace
661,Rodie,Lewsy,Sellek,8/27/2019,Female,5 Crowley Trail
662,Eugenie,Slimmon,Buckell,6/2/2007,Agender,98 Del Mar Place
663,Heloise,Youll,Frodsam,10/14/2003,Female,6727 Badeau Parkway
664,Katerina,Basketfield,Jopp,10/9/2013,Female,67235 Mccormick Park
665,Paola,Matthiae,Kerans,3/13/1975,Female,50290 Golf View Circle
666,Lela,MacShirie,Want,12/29/2013,Agender,1 Calypso Pass
667,Wilton,Lain,Treharne,3/26/2011,Male,9 Texas Pass
668,Sherlock,Rains,Teenan,2/11/1983,Male,9407 Comanche Place
669,Taffy,Steinor,Baudino,8/15/2009,Female,3673 Portage Hill
670,Deanna,Gladden,Cuttle,4/3/1980,Agender,593 Prentice Drive
671,Laurianne,Raiman,Cotes,5/7/2000,Female,64084 Anzinger Avenue
672,Peria,Ormston,Fores,9/13/1981,Female,0 Packers Center
673,Jorgan,Wimms,Whimp,8/5/2019,Male,589 Stoughton Place
674,Gothart,Buyers,McPhate,3/1/1970,Male,1026 Killdeer Crossing
675,Obadias,Marzellano,Essberger,6/14/2011,Genderqueer,50 Oak Drive
676,Willette,Tudbald,Breacher,8/16/1995,Female,3027 East Trail
677,Lemmie,Chenery,Gowry,11/20/1997,Genderqueer,071 Twin Pines Road
678,Dale,Penquet,Lemmer,4/30/2010,Female,493 Fulton Hill
679,Liana,Skeene,Spendley,3/20/2001,Female,619 Superior Street
680,Elwyn,Pothecary,O'Gready,6/7/1973,Male,12910 Meadow Ridge Crossing
681,Ede,Woodcroft,Norvill,8/22/2002,Female,1087 Superior Road
682,Conrado,Geeson,Sainsbury-Brown,9/10/1993,Male,0007 Prairieview Park
683,Zorina,Attreed,Carbonell,8/20/1998,Female,294 Golf Course Drive
684,Bren,Balkwill,Pearle,1/9/1988,Male,82681 Carberry Terrace
685,Chet,Breissan,Junkinson,8/28/1977,Non-binary,05 Hoepker Hill
686,Abbie,Daniello,Sings,10/18/2006,Male,56803 Bayside Drive
687,Hamilton,Becerro,Jonah,8/10/1988,Male,72478 Rowland Point
688,Konstantin,Aindriu,Ewen,4/1/1974,Agender,91769 Commercial Center
689,Shirlee,Briffett,Morphet,12/13/2013,Female,1 Lunder Circle
690,Stanfield,Westbury,Benian,7/19/1995,Male,1 Meadow Vale Plaza
691,Janessa,Godspede,Pietersen,2/9/1987,Female,87180 Lawn Park
692,Harley,Parzis,Pemble,7/23/2005,Male,2027 Lien Trail
693,Jan,Lars,Sisson,5/8/2002,Female,73 Karstens Place
694,Keenan,Assad,Edmand,3/24/2018,Male,45233 Sugar Point
695,Herminia,Dowglass,Cartlidge,8/4/1993,Genderqueer,912 Dorton Point
696,Terese,Dunridge,Aykroyd,11/27/2012,Female,11 Ridge Oak Way
697,Pennie,Pealing,Averies,10/13/1993,Male,15 Chinook Way
698,Antonie,Gourley,Dealtry,7/8/2016,Female,6 Cody Junction
699,Katy,De Meyer,Mac Geaney,1/7/1995,Agender,86 Northfield Pass
700,Dori,Dan,Dewis,12/16/1993,Female,33 Anderson Way
701,Natalee,Neilly,Lanfare,2/18/1980,Female,55651 Autumn Leaf Parkway
702,Faustine,Ciccone,Potzold,12/26/1998,Female,42 Eagle Crest Parkway
703,Chicky,Wynrahame,Durrett,12/8/1981,Female,58848 Morningstar Street
704,Katrinka,Corner,Chastelain,7/1/2001,Female,77 Summer Ridge Alley
705,Levi,McCool,Erley,10/30/1977,Male,99153 Golf Course Crossing
706,Hyacinthia,Giannotti,Dyke,5/8/1989,Female,6 Lindbergh Plaza
707,Belva,Kainz,Dally,7/15/2004,Female,5 Schiller Pass
708,Christabel,Breadmore,Yearsley,12/25/2006,Female,091 Sachs Way
709,Amelita,Perello,Lidgate,2/27/1978,Female,657 Ridge Oak Point
710,Waldemar,Andrews,Unstead,10/23/2017,Male,89991 Corben Hill
711,Nerissa,Dunseith,Mawson,12/20/1978,Female,64 Old Gate Parkway
712,Lauraine,Kilkenny,Stoney,4/21/1989,Non-binary,376 Laurel Park
713,Melosa,le Keux,Brayshaw,4/27/2011,Agender,985 Dakota Junction
714,Marj,Atger,Bridge,6/10/2001,Female,71 Vahlen Park
715,Lancelot,Vigar,Launder,3/9/1977,Male,3110 Dawn Hill
716,Darrel,Junkin,Eskrigge,1/15/1978,Male,1912 Alpine Street
717,Ira,Cawood,Pacquet,6/6/1996,Female,3 Summit Way
718,Calla,Chaulk,Nairn,7/23/1973,Female,9 Granby Park
719,Mathe,Bowser,Worham,1/5/1990,Male,7 Independence Plaza
720,Nollie,Pudden,Mushart,11/26/1992,Male,9 Lerdahl Drive
721,Sela,Tapley,Barabisch,12/15/1988,Female,8 Vernon Park
722,Bianca,Jennison,Mulvey,7/2/2019,Female,764 Stuart Center
723,Nadeen,Gremain,Milillo,8/26/1976,Female,04868 Mallory Lane
724,Irita,Alberts,Byer,4/29/1994,Female,819 Hallows Center
725,Katie,Ottewill,Seyffert,11/22/2005,Female,911 Lake View Junction
726,Maire,Warn,Crotch,8/12/1984,Female,09 Commercial Pass
727,Cecilio,Nabbs,Bumpass,9/24/2016,Male,25 Debs Center
728,Angeline,Markel,Sparrowhawk,3/13/1994,Bigender,689 Northview Junction
729,Elston,Kohring,Fentem,9/23/2017,Male,309 Lien Hill
730,Rafa,McDonagh,Shea,4/3/2014,Agender,4 Sycamore Court
731,Orran,McSwan,Stathers,1/22/1998,Male,85847 Eggendart Alley
732,Harvey,Askaw,Beccles,5/29/1978,Male,020 Pepper Wood Circle
733,Brewer,Andreoletti,MacAloren,6/23/1980,Male,118 Logan Lane
734,Babara,Giberd,Casino,8/29/1993,Female,837 Hoepker Plaza
735,Ilse,Barg,Forlonge,2/19/1981,Female,684 Aberg Center
736,Devlin,Burde,Hekkert,10/3/1977,Male,01 Sunnyside Plaza
737,Harmon,Segeswoeth,Dureden,11/5/2019,Male,5 Schmedeman Center
738,Itch,Pavlenkov,Premble,11/28/2012,Male,3 Corry Place
739,Ramsay,Bruhnke,Glencros,7/27/1995,Male,4 American Park
740,Tiffie,Boij,Duguid,12/5/1988,Female,83 Helena Street
741,Puff,Slowan,Manhare,5/24/1979,Male,3681 Bluestem Park
742,Ingunna,Balsdone,Shuard,11/16/2011,Female,3439 Mendota Junction
743,Yves,Dinis,Kenlin,4/16/1986,Male,5 Helena Drive
744,Arin,Gisburn,Olivo,4/9/2019,Male,1090 Rusk Hill
745,Madelyn,Avesque,Sustin,11/14/1998,Non-binary,826 Lukken Center
746,Ugo,Sorey,Bearns,4/19/1977,Male,20637 Sherman Way
747,Candide,Gregorin,Enga,4/24/1980,Non-binary,0 Thompson Park
748,Ulrike,Kellick,Merrigans,5/30/2019,Female,3007 Nova Court
749,Micki,Conti,Figg,3/12/1976,Female,8 Brentwood Parkway
750,Garrick,Leathem,Vignaux,6/21/1971,Male,13 Canary Avenue
751,Rancell,Wyson,Aspinal,7/1/1990,Male,74707 Lukken Junction
752,Evyn,Farmloe,Gruszka,12/19/1992,Male,08954 Buell Avenue
753,Luise,Knock,Lunbech,9/14/2010,Female,1 Mcbride Terrace
754,Silvano,Lambert,Scare,11/16/1994,Bigender,8 Roth Circle
755,Waylin,Guiver,Grouen,11/27/1976,Non-binary,54 Talisman Avenue
756,Anatol,Shiel,Loughren,6/2/1980,Male,4930 Spenser Alley
757,Allegra,Crauford,Danielli,5/13/1973,Female,9735 Kim Junction
758,Mady,Northcott,Pagin,8/27/2003,Female,734 Steensland Plaza
759,Gawen,Aldhous,Buye,2/14/2015,Male,8402 Goodland Drive
760,Barbara-anne,Risely,Wetherburn,7/31/1985,Female,0 Kennedy Alley
761,Chickie,Delamaine,Kesper,6/14/2007,Male,0256 Crowley Trail
762,Sarajane,Petrazzi,O'Lennachain,6/25/1974,Female,43619 2nd Place
763,Cobby,Machin,Ruf,3/11/2016,Male,417 Paget Park
764,Rutherford,Tillard,Chmarny,1/19/1972,Male,61243 Aberg Place
765,Bax,Yggo,Drakes,5/28/2001,Male,8 Scofield Hill
766,Gilberta,Chaudron,Challes,8/21/1973,Non-binary,87 Bunker Hill Circle
767,Lamar,Dreossi,Kernock,9/29/2014,Bigender,644 Scofield Point
768,Yorker,Jochanany,Dable,12/8/1987,Male,1 Hintze Street
769,Willabella,Nary,Gostridge,8/24/2001,Female,36 Stang Road
770,Emanuele,Piner,Fairey,4/27/1997,Polygender,03 Delladonna Way
771,Sylas,Justun,Brydon,1/18/1992,Male,098 Lake View Plaza
772,Nessi,Grimshaw,O'Caherny,9/1/2006,Female,40294 Stoughton Drive
773,Fred,Kidstone,Martinolli,8/22/2008,Female,71359 Mockingbird Street
774,Aarika,Brandolini,Kennedy,2/11/1990,Female,595 Vermont Parkway
775,Darrick,Lochrie,Harbron,11/13/2003,Bigender,5 Ridge Oak Court
776,Claus,O'Currane,Blasio,8/12/2011,Male,6689 Mallard Lane
777,Carce,Eden,Mouat,6/25/2016,Male,9 Ramsey Drive
778,Harbert,Tremayle,Snasdell,5/1/1985,Male,542 Hayes Park
779,Anallise,Wincer,Piet,4/30/1997,Female,2 Jay Court
780,Artie,Ferruzzi,Packer,2/8/1973,Male,9 Riverside Hill
781,Parrnell,Weatherhead,Kliche,4/19/1982,Male,7 Mandrake Circle
782,Felita,Dyte,McChesney,8/6/2007,Female,204 Portage Way
783,Reyna,Coase,Burchnall,1/19/2012,Female,04183 Namekagon Circle
784,Suzann,Stokell,Tramel,5/5/2004,Female,095 Magdeline Junction
785,Timotheus,Copson,Sliney,11/9/1974,Male,10996 Hallows Crossing
786,Justus,Andras,Stigell,2/23/2012,Male,3510 Arrowood Park
787,Regan,Poplee,Harsant,6/25/2002,Male,78 Parkside Park
788,Vinnie,Cross,Haldin,6/18/1976,Male,9360 Miller Hill
789,Starlene,McCart,Comellini,9/18/2008,Female,63981 Glacier Hill Hill
790,Claudina,Pudge,Prazor,1/25/2017,Female,724 Dunning Drive
791,Oberon,McFayden,Caley,1/9/1996,Male,92 Fordem Avenue
792,Marcos,Petrelluzzi,Filyashin,3/10/2017,Male,438 Goodland Trail
793,Neely,Downey,Heck,7/6/2002,Bigender,4 Talisman Junction
794,Cassy,Gorick,Kingsland,4/22/2020,Female,9418 Cambridge Road
795,Tanner,Matusson,Caldecourt,3/9/1972,Male,98189 Monica Street
796,Starla,Simcox,Ballingal,9/1/2017,Female,51 Hooker Terrace
797,Gennifer,Kenwyn,Philpots,11/1/1975,Female,7298 2nd Crossing
798,Jed,Quartermain,Goodyer,5/25/1971,Male,1941 Rutledge Circle
799,Jillane,Guswell,Grinikhin,5/23/2011,Genderqueer,47 Buena Vista Hill
800,Elizabet,Ryding,Ahmad,9/23/1997,Female,3246 Cottonwood Crossing
801,Stormy,Adshed,Deares,4/5/1996,Female,0051 Kim Trail
802,Anders,Cronchey,Pirelli,11/22/1991,Male,71 Thompson Hill
803,Crichton,Dorrins,Noni,5/11/2017,Male,31 Welch Place
804,Frederique,Dunbavin,Celes,6/1/2015,Female,0222 Pine View Place
805,Pinchas,Bruniges,De Leek,10/8/2005,Genderfluid,06 Grayhawk Road
806,Dewie,Etchingham,Wrennall,5/26/2020,Male,6125 Cardinal Alley
807,Gates,Arson,Stean,2/23/1974,Female,31 Briar Crest Park
808,Harlin,Bootell,Keeney,5/13/2005,Male,20 Ramsey Avenue
809,Ingrid,Dautry,Hankins,9/27/2013,Female,57 Waxwing Pass
810,Petronella,Trewartha,Olrenshaw,5/11/1970,Female,84455 Ludington Terrace
811,Charmane,MacAlees,Peracco,2/17/1974,Female,57844 Pennsylvania Parkway
812,Fayre,Brownbill,Baudins,8/17/2014,Female,6093 Browning Hill
813,Fairleigh,Davall,Gilkes,1/12/1982,Male,515 Menomonie Court
814,Arielle,Fugere,Papps,4/18/1993,Female,312 Mockingbird Trail
815,Myrah,Sherrocks,La Grange,4/11/2011,Female,060 Fisk Trail
816,Thurston,Rolling,Seddon,3/23/2016,Male,5833 Elgar Drive
817,Garrek,Senecaux,Macauley,10/23/2017,Non-binary,94 Macpherson Parkway
818,Phaedra,Hulks,Accomb,5/10/1995,Female,8063 Forest Dale Crossing
819,Crin,Benley,Lingner,11/19/2020,Female,548 Sutherland Street
820,Winonah,Kenewell,Bidwell,10/28/1987,Female,4 Mayfield Pass
821,Orv,Rothchild,Althorp,7/27/1992,Male,53252 Londonderry Way
822,Prentiss,Cyson,Cheale,2/5/1992,Male,660 American Ash Trail
823,Guss,Cockroft,Brydson,4/26/2011,Male,45963 Hermina Pass
824,Andrey,Pluvier,Girkins,1/25/1971,Male,4107 Clemons Court
825,Blythe,Esplin,Grissett,1/8/1990,Female,36 Ramsey Road
826,Michele,Costen,Fricke,1/1/1979,Female,9909 Brown Drive
827,Cristobal,Yedy,Shiel,1/6/1998,Male,6 Bashford Parkway
828,Kylynn,Hallaways,Janusik,2/29/1972,Female,97325 Weeping Birch Parkway
829,Melody,Cumes,Simonini,10/22/2012,Female,8541 Blue Bill Park Point
830,Gilburt,Gabbitas,Bausmann,8/10/2002,Male,402 Forest Dale Hill
831,Bea,Cawsey,Gianotti,1/8/2018,Female,7 Brown Plaza
832,Skippie,Morrid,Robrow,7/5/2010,Male,30950 Lindbergh Alley
833,Dosi,Birdwhistle,Shervington,5/25/2006,Female,723 Westend Drive
834,Gabriela,Absolon,Hutchinges,2/24/1981,Polygender,5469 Hovde Alley
835,Stacia,Tomaszewicz,Hackforth,10/1/1997,Female,0 La Follette Place
836,Garret,Aves,Wickey,5/29/1997,Male,47607 Reindahl Crossing
837,Steve,Kinsman,Dearsley,3/11/2017,Male,6 Porter Street
838,Arden,Haldon,Rozycki,11/24/1987,Female,50655 Hollow Ridge Circle
839,Lorita,Shatford,Rose,12/3/2014,Female,8990 Holy Cross Junction
840,Luci,Really,Joffe,9/27/1970,Female,0701 Monica Avenue
841,Minda,Woloschin,Cobbold,11/24/2012,Female,7 Pennsylvania Park
842,Blake,Seymour,Sturge,9/25/1974,Female,177 Thackeray Place
843,Myron,Ropars,Jeremiah,11/15/1986,Male,6 Kenwood Trail
844,Abie,Windus,O'Grogane,11/18/1987,Male,90 Meadow Vale Center
845,Corena,Greiswood,Hafford,4/3/2001,Female,33797 Johnson Crossing
846,Hayes,Greggs,Aveyard,11/22/2015,Male,139 Sugar Terrace
847,Zechariah,Blatcher,Geerits,8/5/1971,Genderqueer,6 Linden Trail
848,Tirrell,Brezlaw,Ledram,4/24/1982,Male,304 Anderson Lane
849,Philomena,Chantillon,Stearn,3/5/1973,Female,0 Gina Court
850,Skippy,Colson,Fynan,5/22/1995,Polygender,7882 Sunbrook Center
851,Alfi,Kelemen,Hainey`,10/18/1989,Female,73 Service Plaza
852,Cosme,Gotch,Strand,12/13/2019,Male,81500 Paget Pass
853,Roxie,Drabble,Riccioppo,7/22/2006,Female,88178 Almo Street
854,Davis,Muino,MacKey,2/26/1982,Male,27 Merry Street
855,Rona,Berge,Burchett,7/25/1971,Female,02 Mitchell Hill
856,Rosene,Lapere,Christall,2/23/1984,Female,5643 Dorton Junction
857,Keen,Fennelly,Gallemore,6/22/1992,Male,69075 Katie Crossing
858,Rockie,Larchier,Vanstone,6/12/2002,Male,98676 Golf Course Park
859,Vivyan,Font,McKew,10/25/1980,Female,88234 Grover Court
860,Penn,Zecchii,Reppaport,10/28/1995,Male,34281 Southridge Trail
861,Neely,Clemence,Grenkov,8/3/2011,Female,336 Roxbury Avenue
862,Gwendolyn,Codlin,Weblin,1/16/2001,Bigender,3899 Prentice Court
863,Ashlie,Olivazzi,Saywell,12/4/2006,Female,6167 Killdeer Hill
864,Tobe,Sheryn,Ouslem,7/1/1971,Male,6240 Springs Circle
865,Mommy,Carville,Sands,1/8/1976,Female,9366 Duke Circle
866,Caz,Di Biagio,Roelofs,11/22/2002,Male,359 Packers Parkway
867,Karisa,Seine,Sirrell,1/26/1992,Female,15 Glendale Parkway
868,Stefan,Meryett,Karolowski,12/31/2014,Male,6 Forest Dale Drive
869,Inger,Higgan,McHale,5/23/1986,Female,29 Stuart Plaza
870,Nicolai,Fannin,Fessler,12/31/1970,Male,9 Lindbergh Circle
871,Wilmar,Partington,Dalinder,8/14/2011,Male,7821 Springs Court
872,Josee,Stanaway,Bristoe,1/25/1995,Bigender,560 American Ash Drive
873,Donetta,Frango,McAllester,11/3/2003,Female,597 Fisk Park
874,Cthrine,Garz,Jeffcoate,2/7/1974,Female,5 Macpherson Park
875,Neilla,Gahan,Rapp,4/6/1982,Bigender,27 Dennis Way
876,Kacy,Rawlison,Rasher,6/27/1975,Female,77858 Manitowish Street
877,Helli,Broszkiewicz,Lackner,12/12/2018,Female,4262 Porter Parkway
878,Tiertza,Scad,Hellen,2/8/2016,Female,4281 Crescent Oaks Pass
879,Ashlin,Eddisforth,Testo,9/4/2012,Male,4 Forster Avenue
880,Nola,Saladino,Rego,8/8/1997,Female,10967 Union Way
881,Lynea,Bridgwood,Jodkowski,7/21/1977,Female,6 Wayridge Center
882,Leontine,Bispo,Salomon,9/25/1995,Female,70 Prairie Rose Terrace
883,Federica,Posen,Giercke,2/12/1976,Female,8 Briar Crest Parkway
884,Randell,MacFarlan,Fraczkiewicz,12/15/1992,Agender,190 Crest Line Plaza
885,Celestyn,Eadmeads,Vaux,9/8/2006,Female,51 Dennis Trail
886,Englebert,Brimble,Rookes,1/7/1982,Polygender,43424 Park Meadow Parkway
887,Florida,Wyleman,Sparway,12/17/1976,Female,87 Petterle Point
888,Nady,Uzielli,Gippes,8/29/1992,Female,74788 Dunning Circle
889,Sheridan,Bozworth,Steanson,5/27/1985,Male,0 Monument Hill
890,Justus,Conradie,Goodhay,8/13/1999,Male,66 Warbler Parkway
891,Romain,Crenshaw,Hargerie,10/29/2004,Male,55233 Roxbury Point
892,Sanders,Nyles,Wilfling,3/30/1974,Male,65679 Johnson Junction
893,Had,Lavall,Barkas,7/12/1995,Male,2 Dovetail Place
894,Vivianna,McNiven,Whimpenny,6/27/1993,Female,49 Harper Street
895,Werner,Heisler,Whewell,4/5/1972,Male,8398 Lindbergh Place
896,Lira,Fonquernie,Pleass,5/13/2009,Female,6 Goodland Court
897,Melvyn,Levine,Peniello,5/1/1976,Male,07676 Homewood Circle
898,Arvin,Lynskey,Tomicki,4/15/1980,Male,48 Karstens Place
899,Gael,Hercules,Ozanne,11/17/2009,Male,2565 2nd Circle
900,Kerby,Sheeran,Shilleto,3/30/2020,Male,61297 Hollow Ridge Alley
901,Phaedra,McLachlan,Fowley,7/21/1971,Genderqueer,8 Pierstorff Trail
902,Bertha,Dutt,Martin,12/8/2006,Female,77 Nova Road
903,Zarla,Dunham,Poole,5/28/1978,Female,549 Lotheville Place
904,Barbette,Hestrop,Butt,5/10/1983,Female,209 Di Loreto Center
905,Sena,Aizikovich,De Domenici,8/30/2017,Female,3829 Loomis Court
906,Emmalynne,Wrates,Hustings,11/10/2020,Female,77 Stoughton Drive
907,Ario,Fawthrop,Parsley,11/10/2014,Male,7729 Pearson Court
908,Henderson,Durrans,Shotboult,6/16/1981,Male,58581 Graceland Junction
909,Lenore,Rowdell,Bruni,10/3/2017,Female,0729 Hagan Terrace
910,Daile,Calabry,Pogosian,11/6/1994,Female,8755 East Circle
911,Sebastien,Crucitti,Botting,7/28/1971,Male,442 Magdeline Parkway
912,Myriam,Sharnock,Innot,5/30/1977,Agender,5652 Swallow Road
913,Hildy,Pawnsford,Kettlestringes,8/8/1972,Female,72 Bobwhite Terrace
914,Roxie,Volage,Enga,3/29/2017,Female,66 Warrior Way
915,Ingar,Stratten,Barkes,11/24/1980,Male,546 Onsgard Crossing
916,Gretchen,MacGahy,Ianson,6/9/2002,Female,3484 Independence Avenue
917,Gabriela,Tabert,Gowers,6/26/1972,Female,03770 Anthes Alley
918,Lizzy,Keeley,Kiebes,6/18/1979,Female,6 Cherokee Crossing
919,Alley,Mawby,Punt,3/6/1997,Male,8743 Nova Alley
920,Larina,Gerty,Ert,3/26/2014,Female,1092 Towne Park
921,Bone,Proom,Waliszewski,7/23/2008,Male,890 7th Court
922,Tann,O'Downe,Semper,12/19/1992,Male,9881 Lakewood Lane
923,Ernestine,Cadge,Bartelli,4/1/2009,Bigender,163 Surrey Plaza
924,Free,Culshew,Easterling,2/12/1978,Non-binary,6714 Golf View Street
925,Tabbi,Peggrem,Melvin,2/18/1980,Female,7 Hoffman Alley
926,Nathanial,Moultrie,Ames,2/18/2014,Male,642 Stuart Pass
927,Monah,Mitchall,Pellman,11/23/1997,Female,209 Mendota Alley
928,Garwood,Woolbrook,Lethbury,10/20/1973,Male,09 Bonner Junction
929,Fee,Carress,Langeley,7/26/1979,Male,6 Pankratz Crossing
930,Hubie,Dahl,Jaher,3/3/1996,Male,3 Coleman Center
931,Catie,Dallicott,Kale,9/23/1991,Non-binary,258 Kennedy Center
932,Cordy,Huffadine,Langridge,10/10/2006,Male,4 Porter Lane
933,Holmes,Corbishley,Garoghan,11/17/1973,Male,3 Michigan Pass
934,Osmund,McEttigen,Tyrer,1/28/2012,Male,407 Kingsford Center
935,Bastien,Thick,Whitty,3/5/1974,Male,380 Grover Way
936,Thorin,Merredy,O'Sharry,8/19/1970,Male,27124 Thompson Court
937,Tynan,Smalridge,Popple,4/9/1997,Male,60428 Becker Drive
938,Elle,Frankiewicz,Moors,11/29/2001,Female,726 Stoughton Pass
939,Link,Conan,Radclyffe,4/23/2014,Male,4333 Mayer Road
940,Elwin,Reolfi,Teale,6/5/1970,Male,9841 Jenna Way
941,Boy,Pettengell,Joust,6/5/2018,Male,1 Fairview Parkway
942,Moishe,Tremontana,Clemendot,3/22/1971,Non-binary,76 Westport Way
943,Aksel,Lantry,Needs,10/8/1970,Male,374 Butterfield Junction
944,Rochester,Latan,Harget,11/10/1970,Male,78092 David Drive
945,Abey,Pendrich,Melanaphy,4/26/1983,Male,3698 Mitchell Road
946,Fern,Fassbender,Motherwell,7/5/1981,Genderqueer,49594 Laurel Lane
947,Clare,Gibbard,Konzel,7/8/2015,Genderqueer,63568 Bonner Terrace
948,Cleveland,Melson,Hedworth,9/21/2016,Male,1 Iowa Point
949,Julio,Conford,Lawie,10/26/2020,Male,85 Lawn Trail
950,Misha,Inderwick,Steffens,12/16/1995,Female,5 Union Point
951,Cathie,Tildesley,Auguste,12/2/1999,Female,10 Corben Point
952,Neila,Montilla,Garstang,8/26/1985,Female,92 Golf Hill
953,Cecilius,Reeve,Randerson,10/13/1994,Male,3638 Hallows Alley
954,Fraser,O' Mullane,Perri,7/5/1979,Male,02 Kropf Terrace
955,Devon,Danet,McGeagh,4/8/1994,Female,8 Fisk Court
956,Lazarus,Grantham,Grishmanov,7/24/1989,Male,5222 Farwell Place
957,Randie,Ollivierre,Kneller,6/17/1976,Female,95476 Mcguire Terrace
958,Constantino,Figge,Jeffels,9/15/1972,Male,359 Nova Crossing
959,Ambrosi,Pawellek,Tixier,9/18/1979,Male,51932 Golden Leaf Road
960,Wait,Wharfe,Isselee,9/18/1994,Male,3 Oriole Terrace
961,Jeniffer,Harvie,Addis,4/15/1976,Female,86 Havey Street
962,Calvin,Stutard,Bossons,1/18/1974,Male,08056 Porter Junction
963,Andres,Trump,De Laci,7/8/2014,Male,47245 Spenser Circle
964,Dallon,Duplock,Goering,3/17/1999,Male,0 Pine View Hill
965,Genni,Bailie,Tipple,7/24/2019,Female,1110 Dayton Way
966,Stanislaus,Tamburo,Thacke,7/14/2006,Male,669 Sachtjen Parkway
967,Con,Miranda,Linnard,5/17/1985,Female,1253 Fisk Alley
968,Allyson,Clevely,Ormshaw,9/27/2011,Female,86 Crescent Oaks Drive
969,Sebastian,Jowitt,Winscom,6/10/2018,Male,61 Dovetail Way
970,Annie,Moyler,Cumberledge,6/26/1980,Female,1 Holy Cross Parkway
971,Olivette,Railton,Sailer,1/22/2011,Female,8952 Continental Avenue
972,Anatollo,Treagust,Chiswell,10/24/2017,Male,9448 Bowman Way
973,Shelby,Brewerton,Richings,1/29/1970,Male,51 Kipling Road
974,Vitia,Drakard,Philpot,4/23/2006,Female,94 Artisan Park
975,Rolph,Monketon,Spellward,2/8/1985,Male,27 Farragut Terrace
976,Rickert,Cupper,O' Markey,10/14/2002,Male,37 Division Circle
977,Stillman,Brion,Freemantle,5/23/1996,Male,66 Ronald Regan Trail
978,Beatrisa,Belford,Hannabuss,4/27/1989,Female,077 Kim Junction
979,Nanny,Baswall,Bawcock,1/1/2019,Female,97 Ramsey Avenue
980,Tadio,Grinov,Burgwin,8/17/1997,Male,615 Vidon Court
981,Alys,Crampsey,Renner,2/16/2012,Female,0 Elmside Circle
982,Alex,Dumigan,Troillet,8/21/1972,Male,29 Lien Hill
983,Burke,Goodrum,Gleeton,4/10/1986,Male,28 Vera Court
984,Becka,Thornthwaite,Richin,4/27/1984,Female,02607 Brentwood Circle
985,Emyle,Cracknall,Dengel,9/8/1983,Female,15911 Continental Court
986,Berry,Drillot,Pickworth,1/13/2005,Female,2254 Hoffman Crossing
987,Arlin,Wavell,Villa,10/29/1977,Male,59 Banding Point
988,Waverly,Misselbrook,Killingsworth,4/11/1977,Non-binary,061 Forest Terrace
989,Louella,Dohr,Haine,4/9/2018,Female,08189 Sutteridge Street
990,Fionnula,Betham,Harlock,11/19/1972,Female,86 Spohn Road
991,Lee,Bulstrode,Klarzynski,10/30/2000,Male,43288 Gateway Terrace
992,Marielle,Rate,Wormell,9/17/1984,Female,42 Grover Alley
993,Ted,Kassidy,Grishanin,1/27/2009,Female,73816 Gina Road
994,Niels,Sauniere,Scorton,10/4/1980,Male,3 2nd Circle
995,Anallise,Terrey,Yegorov,6/21/1998,Female,407 Rowland Parkway
996,Talbert,Neylan,Adlard,8/30/1988,Male,67 7th Way
997,Rosaleen,McNeachtain,Toombes,10/10/1983,Female,08640 Lakeland Circle
998,Hersh,Tinghill,Keller,12/9/2009,Male,07416 Division Point
999,Bradley,Stevani,Pressdee,5/5/1985,Male,484 Upham Lane
1000,Adrea,Baccup,Binion,1/13/2003,Female,58081 Sloan Lane
